,dataName,accuracy,precision,recall,f1
0,cora,0.8911439114391144,0.8906196395635175,0.8911439114391144,0.8905771172826604
